"DESCRIPTION","DURATION IN MS","NAME","PARENT SUITE","START TIME","STATUS","STOP TIME","SUB SUITE","SUITE","TEST CLASS","TEST METHOD"
"","200","checkSpecificFirstNameInTheList()","","2026-10-02","passed","2026-10-02","","api.UserList.UserListTest","api.UserList.UserListTest","checkSpecificFirstNameInTheList"
"","1068","deleteUser()","","2026-10-02","passed","2026-10-02","","api.deleteUser.UsersDeleteTest","api.deleteUser.UsersDeleteTest","deleteUser"
"","213","checkEveryItemHasLegalId()","","2026-10-02","passed","2026-10-02","","api.UserList.UserListTest","api.UserList.UserListTest","checkEveryItemHasLegalId"
"","734","createUserTestWithExtractId()","","2026-10-02","passed","2026-10-02","","api.postUser.UserCreationPozitiveTest","api.postUser.UserCreationPozitiveTest","createUserTestWithExtractId"
"","348","getUserIdUnsuccessfulTest()","","2026-10-02","passed","2026-10-02","","api.getUser.UserIdNegativeTest","api.getUser.UserIdNegativeTest","getUserIdUnsuccessfulTest"
"","229","checkOneUserFirstName()","","2026-10-02","passed","2026-10-02","","api.UserList.UserListTest","api.UserList.UserListTest","checkOneUserFirstName"
"","253","checkFullListOfUsers()","","2026-10-02","passed","2026-10-02","","api.UserList.UserListTest","api.UserList.UserListTest","checkFullListOfUsers"
"","221","getUsersListSecondPageTest()","","2026-10-02","passed","2026-10-02","","api.getUser.UserIdPozitiveTest","api.getUser.UserIdPozitiveTest","getUsersListSecondPageTest"
"","202","getUserByIdWithPOJOTest()","","2026-10-02","passed","2026-10-02","","api.getUser.UserIdPozitiveTest","api.getUser.UserIdPozitiveTest","getUserByIdWithPOJOTest"
"","206","everyUsersHasValidEmailAddress()","","2026-10-02","passed","2026-10-02","","api.UserList.UserListTest","api.UserList.UserListTest","everyUsersHasValidEmailAddress"
"","205","updateUserTest()","","2026-10-02","passed","2026-10-02","","api.putUser.UserUpdateTest","api.putUser.UserUpdateTest","updateUserTest"
"","355","updateUserTestWithLOG()","","2026-10-02","passed","2026-10-02","","api.putUser.UserUpdateTest","api.putUser.UserUpdateTest","updateUserTestWithLOG"
"","400","createUserTestWithResponseObject()","","2026-10-02","passed","2026-10-02","","api.postUser.UserCreationPozitiveTest","api.postUser.UserCreationPozitiveTest","createUserTestWithResponseObject"
"","235","createUserTest()","","2026-10-02","passed","2026-10-02","","api.postUser.UserCreationPozitiveTest","api.postUser.UserCreationPozitiveTest","createUserTest"
"","368","userCreationWithMissingEmailTest()","","2026-10-02","passed","2026-10-02","","api.postUser.UserCreationNegativeTest","api.postUser.UserCreationNegativeTest","userCreationWithMissingEmailTest"
"","356","checkOneEmailAddressIsContain()","","2026-10-02","passed","2026-10-02","","api.UserList.UserListTest","api.UserList.UserListTest","checkOneEmailAddressIsContain"
"","383","createUserTestWithFullPOJO()","","2026-10-02","passed","2026-10-02","","api.postUser.UserCreationPozitiveTest","api.postUser.UserCreationPozitiveTest","createUserTestWithFullPOJO"
"","379","getUserListFromSecondPage()","","2026-10-02","passed","2026-10-02","","api.UserList.UserListTest","api.UserList.UserListTest","getUserListFromSecondPage"
"","348","checkUserIdTest()","","2026-10-02","passed","2026-10-02","","api.getUser.UserIdNegativeTest","api.getUser.UserIdNegativeTest","checkUserIdTest"
"","219","everyUsersHaveAvatar()","","2026-10-02","passed","2026-10-02","","api.UserList.UserListTest","api.UserList.UserListTest","everyUsersHaveAvatar"
"","209","createUserTestWithPOJO()","","2026-10-02","passed","2026-10-02","","api.postUser.UserCreationPozitiveTest","api.postUser.UserCreationPozitiveTest","createUserTestWithPOJO"
"","571","updateUserTestWithPOJO()","","2026-10-02","passed","2026-10-02","","api.putUser.UserUpdateTest","api.putUser.UserUpdateTest","updateUserTestWithPOJO"
"","219","getUsersListFirstUserTest()","","2026-10-02","passed","2026-10-02","","api.getUser.UserIdPozitiveTest","api.getUser.UserIdPozitiveTest","getUsersListFirstUserTest"
"","248","checkLastUserEmail()","","2026-10-02","passed","2026-10-02","","api.UserList.UserListTest","api.UserList.UserListTest","checkLastUserEmail"
